Direccion;Precio;Tipo_Adquicision;Habitaciones;Banios;Ciudad;Fecha
1621 S Dixie Hwy, Pompano Beach, FL;;;;;Pompano Beach;2024-02-10T23:34:02.085Z
6325 Health Park Way, Bradenton, FL;;;;;Bradenton;2023-10-27T16:39:01.295Z
12520 Sunglow Blvd, Venice, FL;;;;;Venice;2023-11-01T02:56:58.498Z
8500 Cleary Blvd, Fort Lauderdale, FL;;;;;Fort Lauderdale;2023-12-22T03:44:31.352Z
13600 Hilltop Dr, Clermont, FL;;;;;Clermont;2023-11-03T23:21:35.290Z
12125 Rangeland Pkwy, Bradenton, FL;;;;;Bradenton;2024-02-04T23:27:27.804Z
11727 Abess Blvd, Jacksonville, FL;;;;;Jacksonville;2024-01-28T13:21:57.239Z
711 Forest Club Dr, Wellington, FL;;;;;Wellington;2023-11-23T09:02:09.681Z
50 Ventures Dr, Saint Augustine, FL;;;;;Saint Augustine;2023-11-19T21:06:54.479Z
161 Blue Palm Ave, Pt Washington, FL;;;;;Pt Washington;2023-10-12T23:40:24.249Z
Lofts at Murray Hill, 840 Edgewood Ave S APT 427, Jacksonville, FL 32205;1449;ForRent;1;1;Jacksonville;2023-11-05T14:58:07.484Z
9650 SE Eagle Ave, Hobe Sound, FL;;;;;Hobe Sound;2024-02-01T07:21:56.184Z
3640 Blue Fin Way, Fort Myers, FL;;;;;Fort Myers;2023-12-05T12:44:04.333Z
6901 W Sunrise Blvd, Fort Lauderdale, FL;;;;;Fort Lauderdale;2023-12-09T10:22:13.075Z
962 Bentstation Ln, Lake Mary, FL;;;;;Lake Mary;2024-01-23T07:30:11.244Z
8604 Whelch Dr, Panama City, FL;;;;;Panama City;2024-02-06T11:35:38.223Z
101 Diplomat Pkwy, Hallandale, FL;;;;;Hallandale;2023-10-22T06:08:14.658Z
100 Treviso Grand Cir, Nokomis, FL;;;;;Nokomis;2023-12-26T07:50:30.216Z
125 Via D Este Dr, Delray Beach, FL;;;;;Delray Beach;2023-10-26T21:23:26.008Z
2990 Longwater Blvd, Kissimmee, FL;;;;;Kissimmee;2023-12-31T18:31:58.380Z
2098 Seminole Blvd, Largo, FL;;;;;Largo;2024-02-13T06:45:45.495Z
93 Palma Dr, Saint Augustine, FL;;;;;Saint Augustine;2023-11-04T07:49:17.811Z
10598 Cordgrass Ln, Jacksonville, FL;;;;;Jacksonville;2024-02-08T12:25:07.962Z
14800 Cumberland Dr, Delray Beach, FL;;;;;Delray Beach;2023-11-14T03:54:17.766Z
10241 SW Newberry Ave, Pt Saint Lucie, FL;;;;;Pt Saint Lucie;2024-01-11T19:01:33.935Z
1250A College Pkwy, Gulf Breeze, FL;;;;;Gulf Breeze;2023-10-31T15:07:33.374Z
1701 Central Ave, Saint Petersburg, FL;;;;;Saint Petersburg;2023-12-06T15:53:12.134Z
11841 Jefferson Commons Cir, Orlando, FL;;;;;Orlando;2023-10-28T23:10:53.203Z
440 NE 4th Ave, Fort Lauderdale, FL;;;;;Fort Lauderdale;2024-02-26T22:28:57.014Z
13924 Egrets Nest Dr, Jacksonville, FL;;;;;Jacksonville;2024-02-12T22:30:03.399Z
2301 Willet Pl, Melbourne, FL;;;;;Melbourne;2023-10-21T17:27:22.353Z
8800 Boardwalk Trail Dr, Tampa, FL;;;;;Tampa;2024-03-28T10:18:39.384Z
50 Sedge Cir, Freeport, FL;;;;;Freeport;2024-03-05T15:00:36.547Z
8353 Auterra Dr, Melbourne, FL;;;;;Melbourne;2024-02-21T20:14:35.158Z
1201 Cleveland Ave, Wildwood, FL;;;;;Wildwood;2023-11-09T15:11:45.313Z
1541 Spruce Ter, Tampa, FL 33607;2200;ForRent;2;1;Tampa;2024-03-11T06:07:17.325Z
7578 Highsmith Rd, Melbourne, FL;;;;;Melbourne;2023-11-14T10:25:08.612Z
1300 Hendricks Ave, Jacksonville, FL;;;;;Jacksonville;2024-04-10T10:06:53.493Z
8851 Us Highway 19 N, Pinellas Park, FL;;;;;Pinellas Park;2023-11-23T22:03:41.184Z
2900 Height St, Sarasota, FL;;;;;Sarasota;2024-02-15T08:13:22.011Z
8910 College Pointe Ct, Fort Myers, FL;;;;;Fort Myers;2023-10-13T07:16:12.914Z
Hammock Cove, 11921 Colerain Rd, Saint Marys, GA 31558;1719;ForRent;2;2;Saint Marys;2024-03-16T23:27:41.893Z
2753 Mayport Rd, Atlantic Beach, FL;;;;;Atlantic Beach;2024-01-16T14:05:07.159Z
14330 58th St N, Clearwater, FL;;;;;Clearwater;2023-12-25T06:50:06.885Z
5900 Townsend Rd, Jacksonville, FL;;;;;Jacksonville;2023-12-29T08:53:01.925Z
3611 SW 34th St, Gainesville, FL;;;;;Gainesville;2023-12-08T21:09:23.167Z
15500 Mark Ln, Naples, FL;;;;;Naples;2024-01-26T22:09:46.548Z
9246 Headwaters Ave, Riverview, FL;;;;;Riverview;2023-10-16T00:59:40.544Z
11385 Exchange St, Jacksonville, FL;;;;;Jacksonville;2024-02-16T14:53:42.013Z
4001 Taggart Cay N, Sarasota, FL;;;;;Sarasota;2023-12-03T19:43:09.243Z
6251 Sawyer Loop Rd, Sarasota, FL;;;;;Sarasota;2023-12-30T21:16:00.903Z
1991 Presidential Way, West Palm Beach, FL;;;;;West Palm Beach;2024-02-11T18:28:10.613Z
2825 S Washington Ave, Titusville, FL;;;;;Titusville;2023-10-12T14:50:56.712Z
5538 Lavender Cotton Pl, Apollo Beach, FL;;;;;Apollo Beach;2023-12-03T08:31:28.326Z
6011 Vineland Resort Way, Orlando, FL;;;;;Orlando;2023-10-25T18:55:59.120Z
14030 Atlantic Blvd, Jacksonville, FL;;;;;Jacksonville;2023-12-19T17:22:07.948Z
8005 Lorraine Rd, Bradenton, FL;;;;;Bradenton;2023-11-19T13:55:44.022Z
12397 San Jose Blvd, Jacksonville, FL;;;;;Jacksonville;2024-04-05T20:03:30.265Z
2001 Glenridge Way, Winter Park, FL;;;;;Winter Park;2024-02-24T03:01:00.475Z
70 NW 25th St, Miami, FL;;;;;Miami;2024-02-10T15:27:25.203Z
2115 Arnold Palmer Dr, Davenport, FL;;;;;Davenport;2024-04-01T13:11:21.734Z
5905 Trace Meadow Loop, Riverview, FL;;;;;Riverview;2023-11-10T12:34:31.071Z
8572 Myslak Way, Pensacola, FL;;;;;Pensacola;2024-01-09T04:17:17.787Z
1861 Teal Cir, Gulf Breeze, FL;;;;;Gulf Breeze;2024-04-04T06:59:58.996Z
1030 Browning Rd, Lakeland, FL;;;;;Lakeland;2023-12-25T01:04:03.804Z
10405 Apollo Manor Cir, Riverview, FL;;;;;Riverview;2023-12-28T23:25:57.833Z
2710 59th Dr E, Ellenton, FL;;;;;Ellenton;2024-03-09T05:19:35.670Z
75 SW 75th St, Gainesville, FL;;;;;Gainesville;2023-12-30T16:20:25.352Z
2150 NW 21st Ave, Ocala, FL;;;;;Ocala;2024-02-26T16:58:32.142Z
1250 Reserve Trl, Jensen Beach, FL;;;;;Jensen Beach;2024-01-11T18:48:25.746Z
100 Navigator Dr, Daytona Beach, FL;;;;;Daytona Beach;2023-11-28T14:38:48.010Z
50 Pine Shadow Pkwy, Ponte Vedra, FL;;;;;Ponte Vedra;2024-03-21T04:34:16.213Z
20080 W Dixie Hwy, Miami, FL;;;;;Miami;2024-01-10T23:52:57.251Z
5611 NW 112th Ave, Miami, FL;;;;;Miami;2024-01-21T06:03:26.086Z
5207 Belle Chase Cir, Tampa, FL;;;;;Tampa;2023-12-30T09:37:45.685Z
1479 Silver Maple Dr, Saint Cloud, FL;;;;;Saint Cloud;2023-12-09T03:31:31.342Z
500 Sugar Mill Rd, Oviedo, FL;;;;;Oviedo;2023-10-15T02:15:08.794Z
120 SW 148th Dr, Newberry, FL;;;;;Newberry;2024-03-10T15:36:12.445Z
2211 Amble Way, Land O Lakes, FL;;;;;Land O Lakes;2024-01-09T13:25:02.342Z
1200 Preservation Trl, Ponte Vedra, FL;;;;;Ponte Vedra;2024-03-12T14:14:03.291Z
801 Bella Verde Ter, Sanford, FL;;;;;Sanford;2023-11-21T16:21:47.132Z
2205 Magnolia Cir, Tallahassee, FL;;;;;Tallahassee;2024-04-06T10:33:23.907Z
1605 Renaissance Commons Blvd, Boynton Beach, FL;;;;;Boynton Beach;2024-03-15T18:13:09.486Z
198 Mill Bayou Blvd, Panama City, FL;;;;;Panama City;2024-01-13T11:45:49.328Z
1037 Peach Creek Dr, Osteen, FL;;;;;Osteen;2023-11-21T20:41:24.880Z
401 SW 1st Ave, Fort Lauderdale, FL;;;;;Fort Lauderdale;2024-01-14T12:18:00.731Z
2480 1st St, Fort Myers, FL;;;;;Fort Myers;2024-02-01T10:49:32.685Z
213 Cantabria Way St, Saint Augustine, FL;;;;;Saint Augustine;2023-12-01T05:25:01.631Z
812 Dunn Ave, Jacksonville, FL;;;;;Jacksonville;2024-03-24T14:29:25.563Z
1333 J D Miller Rd, Pt Washington, FL;;;;;Pt Washington;2023-10-12T04:35:19.163Z
5671 Mauna Loa Blvd, Sarasota, FL;;;;;Sarasota;2024-02-09T04:22:47.919Z
3540 Broadway Ave, Sarasota, FL;;;;;Sarasota;2024-02-28T06:36:22.279Z
1100 Seagate Ave, Neptune Beach, FL;;;;;Neptune Beach;2024-04-01T08:32:22.183Z
5860 Murmur Trl, Milton, FL;;;;;Milton;2024-04-08T06:27:15.389Z
6600 Oakshore Dr, Panama City, FL;;;;;Panama City;2023-11-02T17:42:00.276Z
110 Iron Horse Dr W, Crestview, FL;;;;;Crestview;2023-12-06T14:36:08.655Z
4460 Hodges Blvd, Jacksonville, FL;;;;;Jacksonville;2023-11-28T14:18:20.949Z
302 26th Ave W, Bradenton, FL;;;;;Bradenton;2023-11-14T13:34:07.723Z
7000 SW 91st St, Gainesville, FL;;;;;Gainesville;2024-04-04T14:57:16.970Z
4355 Tapestry Headwaters Dr, Kissimmee, FL;;;;;Kissimmee;2023-11-21T02:24:28.737Z
2935 Ashland Cir, Fort Pierce, FL;;;;;Fort Pierce;2023-11-07T06:06:15.316Z
11965 Pioneers Way, Orlando, FL;;;;;Orlando;2023-12-14T11:34:44.256Z
111 Sierra Dr, Jupiter, FL;;;;;Jupiter;2024-01-27T06:50:28.797Z
1387 E Vine St, Kissimmee, FL;;;;;Kissimmee;2024-02-04T16:00:38.520Z
612 Bass Ct, Dunedin, FL;;;;;Dunedin;2023-12-11T23:15:46.875Z
936 Tullamore Ln, Altamonte Springs, FL;;;;;Altamonte Springs;2023-12-12T07:44:21.155Z
5258 Collins Preserve Ln, Jacksonville, FL;;;;;Jacksonville;2023-12-31T22:59:43.382Z
1398 Cavendish Ct, Stuart, FL;;;;;Stuart;2023-11-15T19:46:03.583Z
3045 Aloma Ave, Winter Park, FL;;;;;Winter Park;2024-02-15T14:49:09.072Z
1520 Alford Pl, Jacksonville, FL;;;;;Jacksonville;2024-02-26T02:14:43.631Z
10901 Burnt Mill Rd, Jacksonville, FL;;;;;Jacksonville;2024-02-02T00:55:16.166Z
8255 Park Blvd, Miami, FL;;;;;Miami;2024-02-18T16:51:05.797Z
31254 Monterey Pine St, Wesley Chapel, FL;;;;;Wesley Chapel;2024-02-08T03:50:15.601Z
11100 Domain Dr, Jacksonville, FL;;;;;Jacksonville;2024-01-01T11:41:58.431Z
1090 Quaye Lake Cir, West Palm Beach, FL;;;;;West Palm Beach;2023-11-20T18:16:11.954Z
4142 Cocoplum Cir, Pompano Beach, FL;;;;;Pompano Beach;2024-02-28T13:09:25.632Z
Harbor Vista, 32427 Quiet Harbor Ave #20-105, Leesburg, FL 34788;1942;ForRent;3;2;Leesburg;2023-11-15T05:14:55.191Z
3305 Grant Cove Cir, Cape Coral, FL;;;;;Cape Coral;2023-11-30T20:18:55.277Z
7960 Merchants Way, Jacksonville, FL;;;;;Jacksonville;2024-03-28T14:02:00.486Z
109 Pygmy Date Blvd, Nokomis, FL;;;;;Nokomis;2024-02-09T17:45:13.209Z
7137 N Blue Angel Pkwy, Pensacola, FL;;;;;Pensacola;2024-02-19T21:07:14.870Z
1508 Ladora Dr, Brandon, FL;;;;;Brandon;2024-03-05T10:20:18.885Z
201 Winding Rd, Kingsland, GA;;;;;Kingsland;2024-02-04T07:57:48.254Z
17105 Gulf Blvd, North Redington Beach, FL;;;;;North Redington Beach;2024-03-02T05:41:20.911Z
3750 S Dixie Hwy, Miami, FL;;;;;Miami;2023-10-18T16:42:52.675Z
500 N Andrews Ave, Fort Lauderdale, FL;;;;;Fort Lauderdale;2023-12-01T15:30:18.143Z
5600 NW Coventry Cir, Pt Saint Lucie, FL;;;;;Pt Saint Lucie;2024-02-03T23:42:22.599Z
3210 N University Dr, Pompano Beach, FL;;;;;Pompano Beach;2023-10-20T09:13:57.414Z
7940 Citrus Garden Dr, Tampa, FL;;;;;Tampa;2024-03-17T22:48:54.599Z
2561 Everson St, Bradenton, FL;;;;;Bradenton;2024-01-08T10:47:02.700Z
8421 Del Lago Cir, Tampa, FL;;;;;Tampa;2024-01-24T10:03:39.839Z
14900 Inspire Way, Jacksonville, FL;;;;;Jacksonville;2024-02-21T20:52:58.568Z
15000 Stratus Loop, Winter Garden, FL;;;;;Winter Garden;2023-11-07T16:34:07.075Z
6945 Carlisle Ct, Naples, FL;;;;;Naples;2024-03-09T16:28:58.083Z
6802 Commonwealth Ave, Jacksonville, FL;;;;;Jacksonville;2023-11-24T03:00:59.173Z
5909 30th Ave W, Bradenton, FL;;;;;Bradenton;2024-02-14T02:37:34.883Z
1401 Reed Canal Rd, Pt Orange, FL;;;;;Pt Orange;2023-11-26T21:29:30.766Z
4652 Miramar Dr, Saint Petersburg, FL;;;;;Saint Petersburg;2023-12-06T16:07:34.396Z
2535 State Road 16, Saint Augustine, FL;;;;;Saint Augustine;2023-10-31T11:31:50.494Z
9005 Solar Rd, Winter Garden, FL;;;;;Winter Garden;2024-03-04T09:14:41.154Z
5900 Wilkinson Rd, Sarasota, FL;;;;;Sarasota;2023-12-23T09:06:30.568Z
3515 Delaney Dr, Melbourne, FL;;;;;Melbourne;2023-10-12T18:11:21.010Z
15100 Free Range Run, Winter Garden, FL;;;;;Winter Garden;2023-11-10T03:24:19.575Z
16325 Franklin Ave, Pt Charlotte, FL;;;;;Pt Charlotte;2024-02-10T17:57:25.451Z
The Irlo Extended Stay Apartments, 5565 W Irlo Bronson Memorial Hwy, Kissimmee, FL 34746;1589;ForRent;0;1;Kissimmee;2023-10-22T04:33:43.019Z
Tivoli Terrace, 920 Rich Dr #3-107, Deerfield Beach, FL 33441;1800;ForRent;1;1;Deerfield Beach;2024-01-24T09:41:04.588Z
3460 Beach Blvd, Jacksonville, FL;;;;;Jacksonville;2024-01-01T03:48:18.261Z
6904 Manatee Ave W, Bradenton, FL;;;;;Bradenton;2023-11-22T08:17:01.259Z
7581 Yellowleaf Ave, Tampa, FL;;;;;Tampa;2023-11-22T15:59:59.337Z
4820 SW 48th Ave, Ocala, FL;;;;;Ocala;2023-10-29T13:24:38.575Z
4117 Kenvil Dr, North Pt, FL;;;;;North Pt;2023-11-29T18:24:03.198Z
1005 Keymar Dr, Davenport, FL;;;;;Davenport;2023-12-05T19:43:58.557Z
1861 Stella Ln, Fort Walton Beach, FL;;;;;Fort Walton Beach;2023-11-07T21:11:31.382Z
16909 Vintage Commerce Blvd, Fort Myers, FL;;;;;Fort Myers;2023-12-22T18:55:39.936Z
220 Champions Way, Davenport, FL;;;;;Davenport;2024-01-13T15:59:46.568Z
2114 Nebula Way, Melbourne, FL;;;;;Melbourne;2023-10-28T20:02:04.877Z
4581 S Kirkman Rd, Orlando, FL;;;;;Orlando;2024-01-27T02:12:41.299Z
4463 Greens Edge Blvd, Fort Myers, FL;;;;;Fort Myers;2023-11-22T14:36:16.042Z
2500 Conserve Cir, Apopka, FL;;;;;Apopka;2023-11-03T06:57:52.386Z
301 S Lake Ave, Lakeland, FL;;;;;Lakeland;2024-03-30T11:28:38.523Z
6950 SW 40th St, Miami, FL;;;;;Miami;2024-01-09T11:48:38.627Z
570 Christina Dr, Wellington, FL;;;;;Wellington;2023-11-25T21:31:02.901Z
527 Neptune Bay Cir, Saint Cloud, FL;;;;;Saint Cloud;2024-03-08T11:50:18.134Z
995 Denton Blvd NW, Fort Walton Beach, FL;;;;;Fort Walton Beach;2023-12-22T02:30:47.777Z
4301 Gopher Key Cir, Zephyrhills, FL;;;;;Zephyrhills;2023-10-19T00:17:24.774Z
10011 Balaye Run Dr, Tampa, FL;;;;;Tampa;2024-04-02T23:24:06.151Z
28882 Renda Ln, San Antonio, FL;;;;;San Antonio;2023-11-20T01:44:49.646Z
6112 N State Rd, Pompano Beach, FL;;;;;Pompano Beach;2024-01-30T14:19:49.162Z
1400 S Dixie Hwy, Lake Worth, FL;;;;;Lake Worth;2024-03-03T03:26:05.629Z
13418 Dottie Dr, Tampa, FL;;;;;Tampa;2023-12-21T22:54:41.493Z
3001 NW 130th Ter, Fort Lauderdale, FL;;;;;Fort Lauderdale;2024-03-23T02:14:13.887Z
24555 Highway 331, Santa Rosa Beach, FL;;;;;Santa Rosa Beach;2024-02-29T02:30:02.025Z
695 Short Hills Ln, Palm Bay, FL;;;;;Palm Bay;2023-10-16T11:08:11.794Z
14768 Enclave Lakes Dr, Delray Beach, FL;;;;;Delray Beach;2024-01-19T10:36:40.656Z
900 Water Tower Way, Lake Worth, FL;;;;;Lake Worth;2023-12-25T03:38:33.458Z
8895 Perimeter Park Blvd, Jacksonville, FL;;;;;Jacksonville;2023-10-30T13:38:13.914Z
2260 Ringling Blvd, Sarasota, FL;;;;;Sarasota;2023-12-30T22:41:20.206Z
2981 Gulf To Bay Blvd, Clearwater, FL;;;;;Clearwater;2023-10-25T02:02:14.254Z
14059 Riveredge Dr, Tampa, FL;;;;;Tampa;2023-12-30T18:34:23.030Z
15005 Michelangelo Blvd, Delray Beach, FL;;;;;Delray Beach;2024-01-20T20:49:46.976Z
2600 W Grand Reserve Cir, Clearwater, FL;;;;;Clearwater;2023-11-28T07:50:19.799Z
9303 Cobalt Dr, Riverview, FL;;;;;Riverview;2023-11-10T11:03:59.526Z
2085 S Congress Ave, West Palm Beach, FL;;;;;West Palm Beach;2024-02-22T16:42:14.557Z
12310 Seacrest Ln, Jacksonville, FL;;;;;Jacksonville;2024-01-01T05:57:24.399Z
6200 NW 173rd St, Hialeah, FL;;;;;Hialeah;2024-03-02T02:19:38.280Z
2943 Spring Park Rd, Jacksonville, FL;;;;;Jacksonville;2024-01-19T14:29:42.687Z
7730 Navarre Pkwy, Navarre, FL;;;;;Navarre;2023-11-02T17:10:49.443Z
4501 71st St W, Bradenton, FL;;;;;Bradenton;2024-02-18T17:16:10.904Z
3650 Enso Way, Jacksonville, FL;;;;;Jacksonville;2024-03-17T14:51:13.482Z
Villas of Juno, 12801 Us Highway 1 #1445, North Palm Beach, FL 33408;2930;ForRent;2;2;North Palm Beach;2024-03-05T08:58:35.923Z
13765 NE 136th Loop, Lady Lake, FL;;;;;Lady Lake;2023-10-13T04:07:17.358Z
5399 W Irlo Bronson Memorial Hwy, Kissimmee, FL;;;;;Kissimmee;2023-10-23T03:35:55.834Z
300 W Tyler St, Tampa, FL;;;;;Tampa;2024-03-24T12:30:54.407Z
3800 S Kanner Hwy, Stuart, FL;;;;;Stuart;2023-11-28T08:54:31.922Z
1030 Clearwater Largo Rd N, Largo, FL;;;;;Largo;2024-01-26T10:34:46.539Z
3843 Dequattro Dr, Rockledge, FL;;;;;Rockledge;2024-02-29T15:18:50.409Z
13706 NW 9th Ln, Newberry, FL;;;;;Newberry;2024-01-11T07:28:35.036Z
12035 Pioneers Way, Orlando, FL;;;;;Orlando;2024-02-28T16:54:24.058Z
3380 Fred George Rd, Tallahassee, FL;;;;;Tallahassee;2023-10-18T07:17:40.759Z
300 Tuscany Way, Melbourne, FL;;;;;Melbourne;2023-11-16T09:14:24.731Z
100 Hamilton Cir, Ormond Beach, FL;;;;;Ormond Beach;2023-10-29T05:09:01.509Z
11500 NW 56th Dr, Pompano Beach, FL;;;;;Pompano Beach;2023-10-12T13:36:39.685Z
1015 Mahaffey Rd, Winter Haven, FL;;;;;Winter Haven;2024-02-06T08:50:26.990Z
1130 Upper Manatee River Rd NE, Bradenton, FL;;;;;Bradenton;2023-11-13T17:11:55.810Z
4910 Samaritan Way, Jacksonville, FL;;;;;Jacksonville;2023-10-15T09:47:21.721Z
12813 Ware Ln, Dade City, FL;;;;;Dade City;2023-10-14T11:34:24.259Z
3603 Pavilion Palms Cir, Riverview, FL;;;;;Riverview;2023-10-16T05:27:11.520Z
700 Cocoanut Ave, Sarasota, FL;;;;;Sarasota;2024-01-23T01:40:47.704Z
2500 SW 22nd Ter, Fort Lauderdale, FL;;;;;Fort Lauderdale;2024-04-02T11:31:29.898Z
4370 Boatman St, Lake Worth, FL;;;;;Lake Worth;2024-03-17T03:09:39.833Z
8683 Holly Grove Ct, Riverview, FL;;;;;Riverview;2023-11-16T20:34:17.446Z
3115 Grand Ave, Pinellas Park, FL;;;;;Pinellas Park;2024-01-19T14:46:33.988Z
8021 Peters Rd, Fort Lauderdale, FL;;;;;Fort Lauderdale;2023-10-24T05:08:37.371Z
1001 NE 58th St, Fort Lauderdale, FL;;;;;Fort Lauderdale;2024-01-22T10:48:56.046Z
285 Uptown Blvd, Altamonte Springs, FL;;;;;Altamonte Springs;2023-12-21T23:59:12.463Z
520 NE 20th St, Fort Lauderdale, FL;;;;;Fort Lauderdale;2023-11-11T05:34:08.197Z
Stayable Lakeland, 4645 N Socrum Loop Rd, Lakeland, FL 33809;1000;ForRent;0;1;Lakeland;2024-03-14T05:41:10.665Z
1173 Pecan Park Rd, Jacksonville, FL;;;;;Jacksonville;2024-01-05T16:36:50.556Z
11800 Bahia Honda Ln, Fort Myers, FL;;;;;Fort Myers;2024-01-22T15:38:03.321Z
3250 Magnolia Pond Cir, Naples, FL;;;;;Naples;2024-03-24T15:33:03.671Z
Hideaway Gainesville, 2800 SW Williston Rd, Gainesville, FL 32608;1560;ForRent;2;2;Gainesville;2024-01-06T05:52:00.394Z
900 SE 3rd Ave, Ocala, FL;;;;;Ocala;2024-04-01T19:26:59.035Z
780 Island Point Dr, Jacksonville, FL;;;;;Jacksonville;2024-01-09T18:13:19.894Z
3110 Gowan Dr, Winter Haven, FL;;;;;Winter Haven;2024-02-21T19:47:45.489Z
11833 N Main St, Jacksonville, FL;;;;;Jacksonville;2023-10-17T02:40:54.245Z
3491 SW 42nd St, Ocala, FL;;;;;Ocala;2023-12-08T20:05:08.993Z
111 Vintage Way, Fernandina Beach, FL;;;;;Fernandina Beach;2023-12-24T16:10:18.573Z
12155 Us Highway 1, North Palm Beach, FL;;;;;North Palm Beach;2023-11-10T02:07:38.311Z
501 NE 5th Ter, Fort Lauderdale, FL;;;;;Fort Lauderdale;2024-03-16T20:16:11.951Z
1900 Olevia St, Jacksonville, FL;;;;;Jacksonville;2024-02-23T01:07:25.474Z
3640 SW 38th Ter, Ocala, FL;;;;;Ocala;2024-04-02T10:31:03.037Z
Windsor Lake Senior, 241 Cove Landing Dr #0, Thomasville, GA 31792;950;ForRent;1;1;Thomasville;2024-03-13T05:47:39.144Z
14701 Bartram Park Blvd, Jacksonville, FL;;;;;Jacksonville;2024-01-21T23:22:01.594Z
342 Riverwood Dr, Crestview, FL;;;;;Crestview;2023-11-26T22:53:33.146Z
100 Bel Aire Dr, Crestview, FL;;;;;Crestview;2024-01-26T00:01:34.218Z
15592 Enclave Way, Brooksville, FL;;;;;Brooksville;2024-04-10T12:14:17.588Z
7385 Park Village Dr, Jacksonville, FL;;;;;Jacksonville;2023-10-19T06:30:22.977Z
1505 Lankford Dr, Valdosta, GA;;;;;Valdosta;2023-11-18T03:49:08.085Z
505 Chatham Ave, Orlando, FL;;;;;Orlando;2024-02-24T22:20:34.888Z
6629 Dan Diciolla Dr, Wildwood, FL;;;;;Wildwood;2024-04-04T13:56:28.908Z
8067 Dream Catcher Cir, Naples, FL;;;;;Naples;2024-01-28T09:02:52.452Z
603 N Dort St, Plant City, FL;;;;;Plant City;2024-02-22T03:53:15.169Z
10550 SW Innovation Way, Pt Saint Lucie, FL;;;;;Pt Saint Lucie;2023-10-26T10:42:57.485Z
Lakes at Deerfield, 1100 S Military Trl #4-304, Deerfield Beach, FL 33442;2400;ForRent;2;2;Deerfield Beach;2024-04-03T10:24:17.335Z
1900 NW Federal Hwy, Stuart, FL;;;;;Stuart;2024-04-08T06:42:17.677Z
630 E Woolbright Rd, Boynton Beach, FL;;;;;Boynton Beach;2023-10-19T07:22:10.290Z
6620 SW 57th Ave, Miami, FL;;;;;Miami;2024-01-23T01:12:44.654Z
812 S Park Rd, Hollywood, FL;;;;;Hollywood;2024-01-24T11:22:08.311Z
655 W Marina Cove Dr, Saint Augustine, FL;;;;;Saint Augustine;2024-01-07T15:14:30.666Z
6220 Reese Rd, Fort Lauderdale, FL;;;;;Fort Lauderdale;2023-10-20T10:12:54.557Z
100 Sands Parc Blvd, Daytona Beach, FL;;;;;Daytona Beach;2024-04-01T19:26:03.650Z
24001 Madaca Ln, Pt Charlotte, FL;;;;;Pt Charlotte;2024-04-02T12:25:00.961Z
601 Rosery Rd NE, Largo, FL;;;;;Largo;2024-01-18T12:05:15.236Z
17351 NW 94th Ct, Hialeah, FL;;;;;Hialeah;2023-10-13T07:42:10.580Z
50 Wexford Way, Saint Augustine, FL;;;;;Saint Augustine;2024-04-05T18:35:21.103Z
420 Sun Lake Cir, Lake Mary, FL;;;;;Lake Mary;2023-10-27T06:21:07.825Z
8171 N University Dr, Fort Lauderdale, FL;;;;;Fort Lauderdale;2024-03-18T22:10:31.395Z
1141 Kendall Town Blvd, Jacksonville, FL;;;;;Jacksonville;2023-11-04T16:44:13.499Z
307 N J St, Lake Worth, FL;;;;;Lake Worth;2023-11-24T17:51:38.951Z
4717 Everglades Cir, Kissimmee, FL;;;;;Kissimmee;2024-03-29T09:30:46.471Z
6201 Gunn Hwy, Tampa, FL;;;;;Tampa;2024-02-15T17:41:04.243Z
3232 On Fruitville, 3232 Fruitville Rd #240, Sarasota, FL 34237;1895;ForRent;2;1.5;Sarasota;2024-01-07T16:55:45.463Z
Stillwater Cove, 1400 5th Ave N, Naples, FL 34102;2000;ForRent;2;1;Naples;2024-02-20T20:11:52.273Z
3591 NW 88th Dr, Pompano Beach, FL;;;;;Pompano Beach;2024-01-18T22:02:50.999Z
7738 A C Skinner Pkwy, Jacksonville, FL;;;;;Jacksonville;2024-03-29T09:20:48.344Z
11571 Fountainhead Dr, Tampa, FL;;;;;Tampa;2024-02-27T11:23:27.089Z
3030 Ascend Oak St, Apopka, FL;;;;;Apopka;2024-03-16T19:05:38.582Z
2801 N Course Dr, Pompano Beach, FL;;;;;Pompano Beach;2023-12-06T19:22:55.027Z
14041 Hyatt Rd, Jacksonville, FL;;;;;Jacksonville;2024-03-26T01:52:46.222Z
1001 Caitlin Loop, Haines City, FL;;;;;Haines City;2024-02-17T04:33:23.628Z
1100 SW 4th Ave, Delray Beach, FL;;;;;Delray Beach;2024-01-11T10:18:28.239Z
9000 Colby Dr, Fort Myers, FL;;;;;Fort Myers;2023-10-20T08:10:04.487Z
700 Post Lake Pl, Apopka, FL;;;;;Apopka;2023-12-01T09:50:51.665Z
1800 Miccosukee Commons Dr, Tallahassee, FL;;;;;Tallahassee;2024-03-02T19:19:53.578Z
6367 NE 118th Ave, The Villages, FL;;;;;The Villages;2024-03-26T08:24:47.835Z
601 NW 82nd Ave, Fort Lauderdale, FL;;;;;Fort Lauderdale;2023-10-15T21:26:45.664Z
16297 Northdale Oaks Dr, Tampa, FL;;;;;Tampa;2023-11-07T18:19:48.087Z
1200 Floral Springs Blvd, Pt Orange, FL;;;;;Pt Orange;2024-02-05T01:50:49.408Z
2801 NW 23rd Blvd, Gainesville, FL;;;;;Gainesville;2024-02-07T20:19:14.630Z
1850 N Williamson Blvd, Daytona Beach, FL;;;;;Daytona Beach;2023-10-18T09:10:52.976Z
3835 Clyde Morris Blvd, Pt Orange, FL;;;;;Pt Orange;2024-02-25T01:57:22.124Z
900 Plaza, Atlantic Beach, FL;;;;;Atlantic Beach;2024-04-01T06:09:31.743Z
12501 Honore Ave, Sarasota, FL;;;;;Sarasota;2024-01-04T02:59:55.534Z
2725 SW 27th Ave, Gainesville, FL;;;;;Gainesville;2023-10-21T12:26:08.353Z
2000 Harbor Pines Dr, Saint Marys, GA;;;;;Saint Marys;2024-03-28T12:12:58.914Z
3705 State Road 524, Cocoa, FL;;;;;Cocoa;2024-01-20T06:11:02.396Z
4801 47th Ave W, Bradenton, FL;;;;;Bradenton;2023-12-05T08:50:36.382Z
14200 Duval Rd, Jacksonville, FL;;;;;Jacksonville;2023-11-14T06:51:27.648Z
2054 Riverside Ave, Jacksonville, FL;;;;;Jacksonville;2024-02-07T00:27:56.421Z
101 Plaza Real S, Boca Raton, FL;;;;;Boca Raton;2023-12-16T02:55:02.634Z
1444 Home St, Jacksonville, FL;;;;;Jacksonville;2023-10-28T09:28:16.514Z
7350 Honore Ave, Sarasota, FL;;;;;Sarasota;2023-11-14T07:45:37.088Z
1210 Westbury Pointe Dr, Brandon, FL;;;;;Brandon;2024-02-09T00:26:25.123Z
673 NE 3rd Ave, Fort Lauderdale, FL;;;;;Fort Lauderdale;2024-02-05T16:39:02.579Z
7343 W Sand Lake Rd, Orlando, FL;;;;;Orlando;2024-02-03T19:22:47.163Z
3890 Davie Rd, Fort Lauderdale, FL;;;;;Fort Lauderdale;2024-02-11T11:03:58.140Z
7660 Emerson Hill Cir, Zephyrhills, FL;;;;;Zephyrhills;2023-10-27T23:34:27.418Z
31155 Seaboard Cir, Wesley Chapel, FL;;;;;Wesley Chapel;2024-03-21T00:58:36.681Z
4005 Fennec Ln, Cocoa, FL;;;;;Cocoa;2023-10-24T09:27:05.251Z
100 Audubon Pl, Saint Johns, FL;;;;;Saint Johns;2023-12-01T07:37:52.240Z
San Marino, 20901 Saint Andrews Blvd #61, Boca Raton, FL 33433;3800;ForRent;3;3;Boca Raton;2024-04-01T11:22:30.390Z
50 Lago Mar Way, Jacksonville, FL;;;;;Jacksonville;2023-11-23T04:57:39.350Z
188 E Crystal Lake Ave, Lake Mary, FL;;;;;Lake Mary;2024-02-20T22:06:11.893Z
1810 Bertha St, Jacksonville, FL;;;;;Jacksonville;2024-02-01T13:40:38.941Z
13283 N Main St, Jacksonville, FL;;;;;Jacksonville;2024-02-04T19:59:13.988Z
13500 NW 3rd St, Fort Lauderdale, FL;;;;;Fort Lauderdale;2023-11-30T13:23:39.727Z
1508 Spring Lake Cove Ln, Fruitland Park, FL;;;;;Fruitland Park;2024-04-08T02:08:55.503Z
31434 Spruce Creek Cir, Wesley Chapel, FL;;;;;Wesley Chapel;2024-01-24T07:08:38.278Z
345 Banyan Blvd, West Palm Beach, FL;;;;;West Palm Beach;2024-03-04T05:01:21.114Z
5055 Hoffner Ave, Orlando, FL;;;;;Orlando;2024-02-21T23:55:55.642Z
2000 River Reach Dr, Naples, FL;;;;;Naples;2024-03-06T01:52:02.511Z
3700 Pacific Point Pl, Fort Lauderdale, FL;;;;;Fort Lauderdale;2023-12-23T04:41:46.963Z
3119 Sleepy River Ave, Ruskin, FL;;;;;Ruskin;2023-11-09T15:20:01.138Z
207 SE 2nd Pl, Gainesville, FL;;;;;Gainesville;2024-04-09T14:58:34.768Z
1060 Coral Ridge Dr, Pompano Beach, FL;;;;;Pompano Beach;2023-12-14T17:57:47.952Z
751 W Oakland Ave, Oakland, FL;;;;;Oakland;2023-11-22T21:26:36.711Z
119 Monahan Dr, Fort Walton Beach, FL;;;;;Fort Walton Beach;2024-01-21T01:44:58.052Z
6503 N Military Trl, Boca Raton, FL;;;;;Boca Raton;2023-11-19T11:37:07.187Z
2125B Jackson Bluff Rd, Tallahassee, FL;;;;;Tallahassee;2023-12-09T07:23:05.937Z
1401 Riverplace Blvd, Jacksonville, FL;;;;;Jacksonville;2023-10-14T03:18:10.731Z
222 Blairmore Blvd E, Orange Park, FL;;;;;Orange Park;2023-10-15T07:31:34.527Z
190 Chelsea St, Jacksonville, FL;;;;;Jacksonville;2023-12-30T16:32:13.338Z
1906 Griffin Rd, Lakeland, FL;;;;;Lakeland;2023-10-19T19:17:05.727Z
2301 NW 167th St, Miami Gardens, FL;;;;;Miami Gardens;2024-01-13T20:08:28.917Z
5290 Big Island Dr, Jacksonville, FL;;;;;Jacksonville;2023-11-25T18:17:56.930Z
18888 Babcock Blvd, Land O Lakes, FL;;;;;Land O Lakes;2023-11-10T16:20:14.908Z
10980 Oak St NE, Saint Petersburg, FL;;;;;Saint Petersburg;2024-01-08T22:34:35.540Z
3946 Saint Johns Ave, Jacksonville, FL;;;;;Jacksonville;2024-02-03T07:48:39.117Z
7630 Tortuga Bay Blvd, Pt Richey, FL;;;;;Pt Richey;2023-10-14T15:44:18.234Z
90 Eleven Oaks Cir, Eustis, FL;;;;;Eustis;2024-01-02T09:09:59.172Z
3421 W Arch St, Tampa, FL;;;;;Tampa;2024-02-20T06:29:38.239Z
8050 Gables Commons Dr, Orlando, FL;;;;;Orlando;2024-03-26T00:21:46.483Z
13525 Bartram Park Blvd, Jacksonville, FL;;;;;Jacksonville;2023-12-20T22:36:31.722Z
1351 S Federal Hwy, Boynton Beach, FL;;;;;Boynton Beach;2024-04-06T05:07:18.878Z
4781 SW 39th Way, Fort Lauderdale, FL;;;;;Fort Lauderdale;2024-03-01T14:16:44.613Z
11020 Town Cir, Wellington, FL;;;;;Wellington;2023-11-16T02:03:31.901Z
700 Sanctuary Cove Dr, Palm Beach Gardens, FL;;;;;Palm Beach Gardens;2024-01-19T22:48:17.873Z
1420 Lakefront Dr, Sarasota, FL;;;;;Sarasota;2024-02-22T12:39:19.160Z
4500 Holstein St, Saint Cloud, FL;;;;;Saint Cloud;2023-10-21T23:01:58.014Z
The Park at River City, 10621 Monaco Dr, Jacksonville, FL 32218;1300;ForRent;2;1.5;Jacksonville;2024-02-24T18:02:47.319Z
5101 SW 60th Street Rd, Ocala, FL;;;;;Ocala;2023-10-22T12:46:22.489Z
2031 Glass Loop, Clearwater, FL;;;;;Clearwater;2023-10-15T14:02:00.258Z
13306 Canopy Grove Dr, Tampa, FL;;;;;Tampa;2023-11-05T23:43:03.266Z
13305 Beach Blvd, Jacksonville, FL;;;;;Jacksonville;2023-11-25T17:31:47.859Z
10640 Satori Ln, Jacksonville, FL;;;;;Jacksonville;2023-10-13T09:37:09.603Z
6401 Emmy Ln, Wesley Chapel, FL;;;;;Wesley Chapel;2023-11-12T20:38:06.227Z
401 SE Central Pkwy, Stuart, FL;;;;;Stuart;2023-10-24T11:29:57.344Z
3251 Prime Park Cir, Kissimmee, FL;;;;;Kissimmee;2023-11-17T08:17:31.557Z
Park Place, 3132 W Lambright St, Tampa, FL 33614;1450;ForRent;1;1;Tampa;2023-12-17T15:16:58.912Z
2500 Junior St, Orange City, FL;;;;;Orange City;2024-03-13T14:08:02.209Z
2310 SW 17th Pl, Cape Coral, FL;;;;;Cape Coral;2023-11-22T12:22:36.256Z
12 NE 188th St, Miami, FL;;;;;Miami;2024-02-18T01:46:40.611Z
Gulf Cove Apartments, 1650 W Highway 98, Mary Esther, FL 32569;1225;ForRent;2;1;Mary Esther;2024-01-21T08:20:55.014Z
1616 McCaskill Ave, Tallahassee, FL;;;;;Tallahassee;2023-12-01T03:04:43.460Z
150 SE 3rd Ave, Fort Lauderdale, FL;;;;;Fort Lauderdale;2024-03-30T18:39:53.009Z
6175 Reflections Blvd, Lake Worth, FL;;;;;Lake Worth;2024-02-14T05:07:44.622Z
4200 NW 107th Ave, Miami, FL;;;;;Miami;2023-12-29T21:00:36.350Z
6500 Sand Lake Sound Rd, Orlando, FL;;;;;Orlando;2024-01-09T12:14:11.565Z
13504 Citicards Way, Jacksonville, FL;;;;;Jacksonville;2024-01-28T01:40:49.164Z
51 NW 26th St, Miami, FL;;;;;Miami;2024-02-16T14:10:53.146Z
3900 Woodmere Park Blvd, Venice, FL;;;;;Venice;2024-03-10T20:39:20.890Z
1890 Tatnall Sq, Vero Beach, FL;;;;;Vero Beach;2023-11-26T12:04:24.113Z
6820 W Hillsborough Ave, Tampa, FL;;;;;Tampa;2023-11-29T23:16:51.636Z
3851 Grandpine Way, Casselberry, FL;;;;;Casselberry;2024-02-04T13:12:50.924Z
100 Garden Dr, Valdosta, GA;;;;;Valdosta;2023-10-13T21:28:38.142Z
10208 Hawthorne Place Dr, Riverview, FL;;;;;Riverview;2023-11-06T23:23:03.763Z
650 Lavers Cir, Delray Beach, FL;;;;;Delray Beach;2023-12-07T08:20:45.218Z
2515 1st St, Fort Myers, FL;;;;;Fort Myers;2023-11-28T00:48:08.760Z
Jewish Center Towers, 3001 W De Leon St, Tampa, FL 33609;1860;ForRent;1;1;Tampa;2023-10-26T06:38:02.291Z
4455 SW 34th St, Gainesville, FL;;;;;Gainesville;2024-01-15T04:33:23.928Z
13990 Bartram Park Blvd, Jacksonville, FL;;;;;Jacksonville;2024-01-20T13:18:31.088Z
1030 Seminole Dr, Fort Lauderdale, FL;;;;;Fort Lauderdale;2023-11-26T00:12:44.149Z
Las Arenas, 3373 Coe Ave #3407, Orlando, FL 32806;1699;ForRent;1;1;Orlando;2023-10-13T05:10:02.082Z
The Avenue at Naranja, 13735 SW 262nd Ln, Homestead, FL 33032;2100;ForRent;2;2;Homestead;2024-01-04T21:21:17.147Z
15985 Arbor View Blvd, Naples, FL;;;;;Naples;2023-10-15T19:22:53.795Z
11209 Ranch Creek Ter, Bradenton, FL;;;;;Bradenton;2024-03-22T00:35:51.488Z
129 E Voorhis Ave, Deland, FL;;;;;Deland;2024-02-02T19:06:44.682Z
17171 Three Oaks Pkwy, Fort Myers, FL;;;;;Fort Myers;2023-12-11T17:31:03.351Z
2330 SW Williston Rd, Gainesville, FL;;;;;Gainesville;2023-12-11T10:53:57.098Z
333 E Palmetto Park Rd, Boca Raton, FL;;;;;Boca Raton;2023-12-30T10:36:06.749Z
5826 Pga Blvd, Orlando, FL;;;;;Orlando;2024-01-29T05:51:27.286Z
4220 New Broad St, Orlando, FL;;;;;Orlando;2023-12-11T08:29:10.691Z
402 11th St N, Naples, FL;;;;;Naples;2024-01-19T00:19:15.367Z
1001 Center Rd, Venice, FL;;;;;Venice;2024-02-24T05:15:14.796Z
5800 Reese Rd, Fort Lauderdale, FL;;;;;Fort Lauderdale;2024-03-05T02:43:04.038Z
10350 103rd St, Jacksonville, FL;;;;;Jacksonville;2023-12-16T19:39:06.831Z
300 Heartland Blvd, Mulberry, FL;;;;;Mulberry;2023-12-31T09:13:00.816Z
7801 W 4th Ave, Hialeah, FL;;;;;Hialeah;2023-10-13T01:23:28.836Z
1601 S Hiatus Rd, Hollywood, FL;;;;;Hollywood;2024-04-08T01:31:55.695Z
2202 W Pensacola St, Tallahassee, FL;;;;;Tallahassee;2024-01-27T01:57:08.539Z
1941 NW 136th Ave, Fort Lauderdale, FL;;;;;Fort Lauderdale;2024-02-23T00:48:08.804Z
1757 S Clyde Morris Blvd, Daytona Beach, FL;;;;;Daytona Beach;2023-11-19T04:04:08.812Z
419 SE 2nd St, Fort Lauderdale, FL;;;;;Fort Lauderdale;2023-12-31T14:47:46.736Z
5902 Memorial Hwy, Tampa, FL;;;;;Tampa;2024-02-17T07:50:50.663Z
5220 S Macdill Ave, Tampa, FL;;;;;Tampa;2024-03-24T05:21:34.273Z
12500 Roma Way, Pt Saint Lucie, FL;;;;;Pt Saint Lucie;2023-10-11T15:58:19.108Z
3551 NW 85th Way, Fort Lauderdale, FL;;;;;Fort Lauderdale;2024-02-26T13:07:34.632Z
3621 W Hillsboro Blvd, Pompano Beach, FL;;;;;Pompano Beach;2023-12-28T08:59:11.466Z
102 Court St, Titusville, FL;;;;;Titusville;2023-11-21T07:06:43.590Z
2610 State Road A1a, Atlantic Beach, FL;;;;;Atlantic Beach;2023-12-02T09:36:20.293Z
2701 Mayport Rd, Atlantic Beach, FL;;;;;Atlantic Beach;2023-11-01T10:50:55.104Z
Breakwater, 3480 Garden St, Titusville, FL 32796;1450;ForRent;1;1;Titusville;2023-12-02T13:39:05.488Z
1001 NE Baker Rd, Stuart, FL;;;;;Stuart;2024-03-24T16:01:35.396Z
2420 Medicine Lake Dr, Apopka, FL;;;;;Apopka;2023-11-27T21:19:00.700Z
11295 Biscayne Blvd, Miami, FL;;;;;Miami;2024-01-07T22:10:32.922Z
1695 Lee Road #C-214, 1695 Lee Rd, Winter Park, FL 32789;1450;ForRent;2;1;Winter Park;2023-11-21T12:33:49.007Z
7705 Heritage Crossing Way, 7705 Heritage Crossing Way, Kissimmee, FL 34747;2200;ForRent;3;2.5;Kissimmee;2023-11-22T01:43:06.448Z
1630 Mountain Ash Way, 1630 Mountain Ash Way, New Pt Richey, FL 34655;2600;ForRent;5;3;New Pt Richey;2024-02-01T01:37:36.851Z
10200 Belle Rive Blvd., 10200 Belle Rive Blvd, Jacksonville, FL 32256;1475;ForRent;2;2;Jacksonville;2023-10-28T09:10:21.499Z
1683 Holton Road, 1683 Holton Rd, Lakeland, FL 33810;1950;ForRent;3;2;Lakeland;2024-03-17T20:07:36.245Z
5560 Metrowest Blvd #3-204, 5560 Metrowest Blvd, Orlando, FL 32811;1700;ForRent;2;2;Orlando;2024-02-10T07:00:28.045Z
7524 135th Street, 7524 135th St, Seminole, FL 33776;2500;ForRent;3;2;Seminole;2024-02-06T14:17:59.961Z
199 W 29st, 199 W 29th St, Hialeah, FL 33012;2200;ForRent;2;1;Hialeah;2023-11-14T15:46:42.812Z
5500 Main St, New Pt Richey, FL;;;;;New Pt Richey;2023-10-19T07:49:04.707Z
5101 Bruce B Downs Blvd, Wesley Chapel, FL;;;;;Wesley Chapel;2023-11-23T13:00:57.794Z
9101 Avenue Club Dr, Tampa, FL;;;;;Tampa;2024-02-19T05:53:56.858Z
3001 SE Lake Weir Ave, Ocala, FL;;;;;Ocala;2024-01-28T23:26:34.174Z
6981 Tapestry Heights Ave, Apollo Beach, FL;;;;;Apollo Beach;2024-04-04T13:53:59.151Z
Tanglewood, 2811 Ruleme St, Eustis, FL 32726;950;ForRent;0;1;Eustis;2024-03-05T21:03:57.298Z
7950 Park Blvd, Pinellas Park, FL;;;;;Pinellas Park;2024-02-14T07:06:24.490Z
1000 Marlin Lakes Cir, Sarasota, FL;;;;;Sarasota;2024-01-06T10:18:22.322Z
5762 Folkstone Ln, Orlando, FL;;;;;Orlando;2023-11-07T18:48:48.708Z
4000 Middlebrook Rd, Orlando, FL;;;;;Orlando;2024-04-03T09:05:39.126Z
The Morton Apartments, 501 W Ball St #BAL1213, Plant City, FL 33563;1499;ForRent;2;1;Plant City;2024-03-02T10:37:44.396Z
5223 Hunters Ridge Dr, New Pt Richey, FL;;;;;New Pt Richey;2024-01-06T07:11:33.012Z
5116 Gate Pkwy, Jacksonville, FL;;;;;Jacksonville;2024-02-05T09:36:42.570Z
3500 Windmeadows Blvd, Gainesville, FL;;;;;Gainesville;2023-11-08T13:00:38.442Z
1000 Patriot Ln, Crestview, FL;;;;;Crestview;2023-11-27T07:39:01.864Z
14179 Georgian Cir, Fort Myers, FL;;;;;Fort Myers;2023-12-20T14:07:51.375Z
1572 NE 191st St, Miami, FL;;;;;Miami;2024-04-08T22:19:34.888Z
195 River Grove Way, West Palm Beach, FL;;;;;West Palm Beach;2024-01-23T16:00:01.811Z
2101 Lakeview Ridge Cir, Apopka, FL;;;;;Apopka;2023-12-01T20:23:25.138Z
8090 NW 96th Ter, Fort Lauderdale, FL;;;;;Fort Lauderdale;2023-11-30T13:58:45.223Z
10101 SW 14th St, Hollywood, FL;;;;;Hollywood;2024-02-26T02:16:46.056Z
8900 Fishermans Point Dr, Tampa, FL;;;;;Tampa;2023-12-03T15:17:40.120Z
3751 Pine Ridge Blvd, Palm Harbor, FL;;;;;Palm Harbor;2024-02-08T03:00:51.814Z
325 Lago Cir, Melbourne, FL;;;;;Melbourne;2023-12-16T15:56:21.171Z
300 Forest Glen Blvd, Daytona Beach, FL;;;;;Daytona Beach;2024-03-17T09:16:23.590Z
10400 City Center Blvd, Hollywood, FL;;;;;Hollywood;2024-01-26T21:34:44.315Z
1700 San Pablo Rd S, Jacksonville, FL;;;;;Jacksonville;2024-03-17T17:29:50.903Z
7663 Jubilee Park Blvd, Orlando, FL;;;;;Orlando;2024-03-21T08:56:15.442Z
8894 NW 44th St, Fort Lauderdale, FL;;;;;Fort Lauderdale;2024-03-16T18:21:47.421Z
5641 California Ave, Jacksonville, FL;;;;;Jacksonville;2024-01-07T02:35:15.976Z
800 NW 18th Ave, Gainesville, FL;;;;;Gainesville;2023-11-27T16:10:15.251Z
1599 NW 91st Ave, Pompano Beach, FL;;;;;Pompano Beach;2023-12-19T13:28:53.053Z
220 Henthorne Dr, Lake Worth, FL;;;;;Lake Worth;2024-04-07T04:39:07.749Z
3622 Coral Way, Miami, FL;;;;;Miami;2024-03-11T13:39:20.983Z
151 7th St S, Saint Petersburg, FL;;;;;Saint Petersburg;2024-03-09T20:36:09.610Z
9711 Magnolia View Ct, Riverview, FL;;;;;Riverview;2024-03-24T22:25:47.656Z
405-526 20th Ave SE, Boynton Beach, FL;;;;;Boynton Beach;2024-01-20T08:20:22.463Z
11900 SW 31st Ct, Hollywood, FL;;;;;Hollywood;2024-02-21T14:18:07.974Z
2401 21st St NW, Winter Haven, FL;;;;;Winter Haven;2023-11-03T12:34:51.422Z
10101 Arrowhead Dr, Jacksonville, FL;;;;;Jacksonville;2024-04-03T12:11:34.740Z
8000 Essex Point Cir, Orlando, FL;;;;;Orlando;2024-04-07T15:48:17.956Z
85041 Christian Way, Yulee, FL;;;;;Yulee;2023-11-21T07:21:17.710Z
37149 Cody Cir, Hilliard, FL;;;;;Hilliard;2023-10-18T13:15:16.612Z
13051 Gran Bay Pkwy, Jacksonville, FL;;;;;Jacksonville;2024-03-06T14:58:16.632Z
4141 E 15th St, Panama City, FL;;;;;Panama City;2024-03-30T16:27:15.625Z
The Oaks on Azeele, 3518 W Azeele St APT 389, Tampa, FL 33609;1450;ForRent;1;1;Tampa;2024-03-12T02:26:41.515Z
2600 Art Museum Dr, Jacksonville, FL;;;;;Jacksonville;2023-10-14T12:22:53.670Z
2540 Roy Hanna Dr S, Saint Petersburg, FL;;;;;Saint Petersburg;2023-11-26T19:02:39.504Z
1244 Eagle Branch Ln, Davenport, FL;;;;;Davenport;2023-10-28T23:51:48.617Z
10210 Falcon Gate Loop, Riverview, FL;;;;;Riverview;2024-02-07T10:28:00.126Z
1790 Manarola St, Kissimmee, FL;;;;;Kissimmee;2023-11-24T00:10:25.049Z
1851 Lpga Blvd, Daytona Beach, FL;;;;;Daytona Beach;2024-02-09T18:45:52.239Z
4787 W Irlo Bronson Memorial Memorial Hwy, Kissimmee, FL;;;;;Kissimmee;2024-02-04T06:19:48.706Z
8000 Cleary Blvd, Fort Lauderdale, FL;;;;;Fort Lauderdale;2023-10-13T00:49:19.133Z
12171 Treeline Ave, Fort Myers, FL;;;;;Fort Myers;2023-12-06T23:34:59.587Z
5000 Solara Cir, Sanford, FL;;;;;Sanford;2023-10-19T23:14:30.769Z
2263 SW 37th Ave, Miami, FL;;;;;Miami;2023-12-24T16:58:44.183Z
999 NW 7th St, Miami, FL;;;;;Miami;2023-12-07T08:11:35.584Z
2160 Mayport Rd, Atlantic Beach, FL;;;;;Atlantic Beach;2023-10-22T02:30:51.105Z
3000 Foxhill Cir, Apopka, FL;;;;;Apopka;2023-12-21T10:40:00.456Z
Waterford Aventura, 19580 W Dixie Hwy, Miami, FL 33180;2855;ForRent;2;2;Miami;2023-12-29T13:23:55.902Z
725 N Indiana Ave, Englewood, FL;;;;;Englewood;2024-03-18T06:46:30.971Z
4101 Acorn Oak Cir, Sanford, FL;;;;;Sanford;2024-01-19T06:14:05.796Z
7000 Tides Cir, Sarasota, FL;;;;;Sarasota;2024-03-27T10:09:16.085Z
4911 Webb Rd, Tampa, FL;;;;;Tampa;2024-03-02T04:43:11.921Z
17101 N Bay Rd, North Miami Beach, FL;;;;;North Miami Beach;2024-03-02T13:52:23.130Z
7130 Okeechobee Blvd, West Palm Beach, FL;;;;;West Palm Beach;2024-04-03T15:18:31.152Z
8781 White Swan Dr, Tampa, FL;;;;;Tampa;2024-04-01T11:01:50.541Z
6200 Wallis Rd, West Palm Beach, FL;;;;;West Palm Beach;2024-02-12T06:55:52.735Z
8151 Patterson Woods Dr, Orlando, FL;;;;;Orlando;2023-10-23T16:52:30.792Z
8881 SW 172nd Ave, Miami, FL;;;;;Miami;2024-03-11T00:23:05.370Z
2205 Bemiss Rd, Valdosta, GA;;;;;Valdosta;2023-10-24T08:39:46.007Z
20525 S Charleston, Boca Raton, FL;;;;;Boca Raton;2024-03-27T23:12:05.400Z
239 Oak Tree Cir, Daytona Beach, FL;;;;;Daytona Beach;2024-02-10T07:50:48.522Z
1700 Van Ness St, Orlando, FL;;;;;Orlando;2024-01-29T10:06:45.709Z
3502 Jenks Ave, Panama City, FL;;;;;Panama City;2023-10-21T21:28:59.445Z
6350 Union Station Ct, Apollo Beach, FL;;;;;Apollo Beach;2023-12-10T12:18:50.381Z
1155 N Courtenay Pkwy, Merritt Island, FL;;;;;Merritt Island;2024-02-07T08:02:43.491Z
Sunset Apartments, 2330 NW 72nd Ave, Fort Lauderdale, FL 33313;1625;ForRent;1;1;Fort Lauderdale;2023-11-12T19:28:46.334Z
4600 Lusso Ln, Jacksonville, FL;;;;;Jacksonville;2024-03-24T10:20:55.024Z
10000 Reflections Blvd, Fort Lauderdale, FL;;;;;Fort Lauderdale;2023-12-31T19:36:01.010Z
5903 NW 57th Ct, Fort Lauderdale, FL;;;;;Fort Lauderdale;2024-03-25T21:36:11.024Z
850 County Road 466, Lady Lake, FL;;;;;Lady Lake;2023-11-03T00:54:52.043Z
5337 Esplanade Park Cir, Orlando, FL;;;;;Orlando;2023-11-12T02:32:20.729Z
2681 University Blvd N, Jacksonville, FL;;;;;Jacksonville;2023-12-17T17:25:37.135Z
3301 SW 13th St, Gainesville, FL;;;;;Gainesville;2024-02-07T08:38:56.845Z
650 NE 2nd Ave, Miami, FL;;;;;Miami;2024-03-28T09:41:15.630Z
10660 Old Saint Augustine Rd, Jacksonville, FL;;;;;Jacksonville;2023-12-06T17:20:41.654Z
2490 Conway Rd, Orlando, FL;;;;;Orlando;2024-04-01T22:04:29.481Z
1448 Adriel Ln, Orlando, FL;;;;;Orlando;2023-12-20T05:50:41.091Z
2434 Metfield Dr, Melbourne, FL;;;;;Melbourne;2024-03-15T20:36:53.776Z
1505 40th Ave, Vero Beach, FL;;;;;Vero Beach;2023-11-30T14:19:56.466Z
309 SW 16th Ave, Gainesville, FL;;;;;Gainesville;2024-03-04T11:54:17.989Z
1462 Solera Ter, Jacksonville, FL;;;;;Jacksonville;2023-12-01T20:58:34.753Z
9009 Western Lake Dr, Jacksonville, FL;;;;;Jacksonville;2023-12-15T20:47:47.163Z
1553 Weaver Dr, Valdosta, GA;;;;;Valdosta;2024-03-04T22:05:53.163Z
1 S Pine Island Rd, Fort Lauderdale, FL;;;;;Fort Lauderdale;2024-03-12T15:30:27.754Z
8283 Meridian Rd, Jacksonville, FL;;;;;Jacksonville;2023-12-16T18:09:21.693Z
9541 103rd St, Jacksonville, FL;;;;;Jacksonville;2023-10-29T10:40:19.711Z
2000 Village Ln, Winter Park, FL;;;;;Winter Park;2023-12-18T20:26:16.557Z
1545 Kennedy Blvd, Lakeland, FL;;;;;Lakeland;2023-11-25T23:41:06.535Z
510 SE 5th Ave, Fort Lauderdale, FL;;;;;Fort Lauderdale;2024-01-19T21:37:58.126Z
160 W Tyler St, Tampa, FL;;;;;Tampa;2023-10-26T14:07:44.496Z
8150 Chatham Manor Blvd, Orlando, FL;;;;;Orlando;2023-11-05T01:13:08.118Z
3205 E Olive Rd, Pensacola, FL;;;;;Pensacola;2024-04-03T08:04:39.814Z
650 Tapestry Ln, Brandon, FL;;;;;Brandon;2024-03-26T15:34:00.421Z
8901 Bertha Palmer Blvd, Tampa, FL;;;;;Tampa;2024-02-15T08:48:20.517Z
1505 Fort Clarke Blvd, Gainesville, FL;;;;;Gainesville;2024-02-02T02:40:56.624Z
1501 SW 37th Ave, Miami, FL;;;;;Miami;2024-03-06T13:11:46.949Z
10654 Towns Way, Jacksonville, FL;;;;;Jacksonville;2023-11-30T10:28:37.564Z
2410 Canopy Breeze Cir, Orlando, FL;;;;;Orlando;2023-10-16T14:34:13.049Z
471 NE 83rd St, Miami, FL;;;;;Miami;2024-01-22T07:30:25.797Z
631 E Call St, Tallahassee, FL;;;;;Tallahassee;2024-01-11T12:26:42.174Z
2750 David Walker Dr, Eustis, FL;;;;;Eustis;2023-11-14T16:16:34.715Z
Aviara Green, 2157 S Haverhill Rd #204, West Palm Beach, FL 33415;2313;ForRent;2;2;West Palm Beach;2023-11-08T15:53:34.695Z
850 Capital Walk Dr, Tallahassee, FL;;;;;Tallahassee;2023-10-28T04:36:00.310Z
7740 Plantation Bay Dr, Jacksonville, FL;;;;;Jacksonville;2024-03-31T23:08:14.874Z
2195 Celebration Blvd, Kissimmee, FL;;;;;Kissimmee;2023-11-12T04:32:37.618Z
13052 Tampa Oaks Blvd, Tampa, FL;;;;;Tampa;2024-01-14T15:18:55.615Z
204 Potters Bluff Dr, Panama City Beach, FL;;;;;Panama City Beach;2024-03-22T07:51:31.714Z
1400 Hancock Blvd, Daytona Beach, FL;;;;;Daytona Beach;2023-12-15T07:58:33.472Z
12800 Vonn Rd, Largo, FL;;;;;Largo;2023-11-17T22:14:08.552Z
318 Monks Ct, Lake Mary, FL;;;;;Lake Mary;2023-10-16T03:45:37.831Z
5400 Broken Sound Blvd, Boca Raton, FL;;;;;Boca Raton;2023-12-01T17:27:02.218Z
2900 Coronet Ln, Jacksonville, FL;;;;;Jacksonville;2024-03-12T13:38:09.974Z
140 Cascade Ter, Daytona Beach, FL;;;;;Daytona Beach;2024-04-02T18:08:08.823Z
1415 2nd St, Sarasota, FL;;;;;Sarasota;2023-12-27T21:13:40.672Z
3500 Sandpiper Dr, Boynton Beach, FL;;;;;Boynton Beach;2023-12-03T09:25:59.626Z
1401 NW 103rd St, Miami, FL;;;;;Miami;2024-02-24T05:27:27.112Z
Rex Terrace Apartments, 100 Rex Ave, Lake Worth, FL 33461;2250;ForRent;2;2;Lake Worth;2023-10-29T20:42:17.752Z
525 Sabal Lake Dr, Longwood, FL;;;;;Longwood;2023-11-16T12:12:27.298Z
9849 Crosshill Blvd, Jacksonville, FL;;;;;Jacksonville;2023-11-29T12:09:22.781Z
1400 Plantation Blvd, Plant City, FL;;;;;Plant City;2023-11-29T06:41:45.891Z
6120 Burnett St, Lakeland, FL;;;;;Lakeland;2024-03-19T07:02:50.499Z
12802 Saddle Club Cir, Tampa, FL;;;;;Tampa;2024-04-01T02:47:00.203Z
8737 Baymeadows Rd, Jacksonville, FL;;;;;Jacksonville;2024-02-17T22:27:13.737Z
3200 Stirling Rd, Hollywood, FL;;;;;Hollywood;2024-01-29T14:21:56.499Z
2615 N Grady Ave, Tampa, FL;;;;;Tampa;2023-10-20T17:41:53.194Z
15210 Amberly Dr, Tampa, FL;;;;;Tampa;2024-03-28T16:21:50.439Z
3031 S Ocean Blvd, Palm Beach, FL;;;;;Palm Beach;2023-12-28T09:13:00.596Z
607 S Moody Rd, Palatka, FL;;;;;Palatka;2024-01-08T22:04:05.537Z
2828 NW 1st Ave, Miami, FL;;;;;Miami;2024-04-10T14:12:39.519Z
2600 Lake Betty Blvd, Apopka, FL;;;;;Apopka;2024-04-02T07:57:47.919Z
8741 Grove Ter, Tampa, FL;;;;;Tampa;2024-01-12T22:23:41.880Z
10991 Lost Lake Dr, Naples, FL;;;;;Naples;2024-01-30T15:00:23.692Z
2575 University Pkwy, Sarasota, FL;;;;;Sarasota;2024-01-12T15:45:29.119Z
2400 Stirling Rd, Hollywood, FL;;;;;Hollywood;2024-03-08T11:04:03.322Z
4480 Foothill Dr, Kissimmee, FL;;;;;Kissimmee;2023-12-01T18:18:43.898Z
3111 S Dixie Hwy, West Palm Beach, FL;;;;;West Palm Beach;2023-12-06T06:03:01.250Z
800 Scenic Hwy, Pensacola, FL;;;;;Pensacola;2024-01-26T16:20:35.726Z
Lakeside 46, 1898 Merchants Row Blvd, Tallahassee, FL 32311;2650;ForRent;3;2;Tallahassee;2023-12-28T22:50:00.936Z
2165 Van Buren St, Hollywood, FL;;;;;Hollywood;2023-12-02T20:11:22.306Z
11050 Le Jardin Cir, Tampa, FL;;;;;Tampa;2024-01-13T15:02:38.695Z
5255 Images Cir, Kissimmee, FL;;;;;Kissimmee;2023-11-03T16:01:23.272Z
1632 N Federal Hwy, Boynton Beach, FL;;;;;Boynton Beach;2023-11-01T16:19:51.699Z
7502 Sun Key Blvd, Winter Park, FL;;;;;Winter Park;2024-01-25T15:38:21.277Z
8859 Old Kings Rd S, Jacksonville, FL;;;;;Jacksonville;2023-10-12T06:03:41.718Z
301 Harbour Place Dr, Tampa, FL;;;;;Tampa;2024-01-12T11:36:07.422Z
3550 Esplanade Way, Tallahassee, FL;;;;;Tallahassee;2023-10-27T10:54:24.812Z
4060 Barnes Rd S, Jacksonville, FL;;;;;Jacksonville;2023-10-18T04:44:36.442Z
50 Palma Vista Way, Saint Augustine, FL;;;;;Saint Augustine;2024-02-17T20:07:04.581Z
4822 Cason Cove Dr, Orlando, FL;;;;;Orlando;2023-10-14T15:09:31.845Z
2520 S Conway Rd, Orlando, FL;;;;;Orlando;2024-02-15T22:32:49.630Z
286 NW 29th St, Miami, FL;;;;;Miami;2024-03-26T23:08:08.313Z
5620 Tranquility Oaks Dr, Tampa, FL;;;;;Tampa;2023-12-27T13:10:59.421Z
3700 Windmeadows Blvd, Gainesville, FL;;;;;Gainesville;2023-10-24T01:28:05.149Z
2535 Jammes Rd, Jacksonville, FL;;;;;Jacksonville;2023-12-05T10:23:23.529Z
334 2nd Ave S, Saint Petersburg, FL;;;;;Saint Petersburg;2023-12-09T22:57:25.347Z
2801 Biltmore Park Dr, Orlando, FL;;;;;Orlando;2023-10-27T10:03:04.516Z
8451 Gate Pkwy, Jacksonville, FL;;;;;Jacksonville;2023-11-03T11:09:44.029Z
7011 Homestead Loop, Wildwood, FL;;;;;Wildwood;2023-10-14T10:20:14.511Z
2798 Saint Johns Ave, Jacksonville, FL;;;;;Jacksonville;2023-12-24T14:45:39.012Z
River Rock Apartments, 11301 N 53rd St, Tampa, FL 33617;1733;ForRent;2;2;Tampa;2023-11-28T22:10:03.312Z
8511 Myslak Way, Pensacola, FL;;;;;Pensacola;2024-03-22T13:42:43.719Z
1500 S Lake Blvd, Avon Park, FL;;;;;Avon Park;2023-12-04T08:54:07.953Z
50 Olive Tree Cir, West Palm Beach, FL;;;;;West Palm Beach;2023-11-19T03:28:06.094Z
1931 W 16th Ct, West Palm Beach, FL;;;;;West Palm Beach;2024-01-13T12:10:55.581Z
10880 Angelfish Way, Jacksonville, FL;;;;;Jacksonville;2024-01-27T21:43:18.418Z
6750 Woodlake Dr, Orlando, FL;;;;;Orlando;2024-02-11T13:25:57.081Z
5601 California Ave, Jacksonville, FL;;;;;Jacksonville;2023-12-31T11:05:33.254Z
3101 Emerald Pointe Dr, Hollywood, FL;;;;;Hollywood;2023-12-30T07:50:14.856Z
698 NE 1st Ave, Miami, FL;;;;;Miami;2024-01-31T07:23:39.332Z
875 Derbyshire Rd, Daytona Beach, FL;;;;;Daytona Beach;2024-01-28T23:23:48.897Z
10200 Falcon Pine Blvd, Orlando, FL;;;;;Orlando;2024-01-03T02:39:35.827Z
7400 SW 13th Rd, Gainesville, FL;;;;;Gainesville;2024-03-12T12:30:50.320Z
5971 Toscana Dr, Fort Lauderdale, FL;;;;;Fort Lauderdale;2023-10-25T08:16:57.024Z
1000 Integra Woods Blvd, Palm Coast, FL;;;;;Palm Coast;2024-02-10T02:11:05.092Z
2220 Gloria Cir, Pensacola, FL;;;;;Pensacola;2023-10-18T19:06:24.595Z
6308 Panther Ln, Fort Myers, FL;;;;;Fort Myers;2024-02-22T18:17:42.767Z
1700 State Rd, Pompano Beach, FL;;;;;Pompano Beach;2024-01-13T12:04:59.849Z
11109 Vida Cir, Bradenton, FL;;;;;Bradenton;2024-01-13T19:33:20.537Z
1211 Goldfinch Dr, Plant City, FL;;;;;Plant City;2024-01-13T17:34:33.124Z
3909 Reserve Dr, Tallahassee, FL;;;;;Tallahassee;2024-03-02T10:49:31.330Z
907 Tidewater Ln, Longwood, FL;;;;;Longwood;2023-11-14T10:14:17.137Z
12517 Beach Blvd, Jacksonville, FL;;;;;Jacksonville;2023-10-13T11:42:11.348Z
2729 Seville Blvd, Clearwater, FL;;;;;Clearwater;2023-12-02T18:24:40.807Z
3151 S Babcock St, Melbourne, FL;;;;;Melbourne;2023-11-24T12:57:36.397Z
545 Nantucket Ct, Altamonte Springs, FL;;;;;Altamonte Springs;2023-10-15T23:43:36.487Z
7110 London St, Panama City Beach, FL;;;;;Panama City Beach;2023-10-28T20:49:19.177Z
4465 Preserve Dr, Melbourne, FL;;;;;Melbourne;2024-01-13T01:10:13.977Z
7595 Baymeadows Cir W, Jacksonville, FL;;;;;Jacksonville;2024-03-30T18:40:38.612Z
501 Blairstone Rd, Tallahassee, FL;;;;;Tallahassee;2023-11-27T21:58:24.673Z